epoch,accuracy,learning_rate,loss,val_accuracy,val_loss
0,0.10445860028266907,0.0010000000474974513,3.827078104019165,0.0357142873108387,3.5401132106781006
1,0.2407643347978592,0.0010000000474974513,2.696475028991699,0.051020409911870956,3.851311445236206
2,0.3757961690425873,0.0010000000474974513,2.085618495941162,0.040816325694322586,4.052903652191162
3,0.4726114571094513,0.0010000000474974513,1.7169718742370605,0.040816325694322586,4.537333011627197
4,0.5388535261154175,0.00020000000949949026,1.4938260316848755,0.040816325694322586,4.520493030548096
5,0.5936305522918701,0.00020000000949949026,1.2928537130355835,0.04591836780309677,4.770191192626953
6,0.619108259677887,0.00020000000949949026,1.2405997514724731,0.040816325694322586,5.175360202789307
